Bills,Dolphins,Patriots,Jets,Ravens,Bengals,Saints,Buccaneers,Chiefs,Eagles,Dolphins,Patriots,Jets,Falcons,Panthers,Browns,Steelers,Texans
Dolphins,Bills,Patriots,Jets,Ravens,Bengals,Saints,Buccaneers,Chargers,Commanders,Bills,Patriots,Jets,Falcons,Panthers,Browns,Steelers,Colts
Jets,Bills,Dolphins,Patriots,Falcons,Panthers,Browns,Steelers,Broncos,Cowboys,Bills,Dolphins,Patriots,Ravens,Bengals,Saints,Buccaneers,Jaguars
Patriots,Bills,Dolphins,Jets,Falcons,Panthers,Browns,Steelers,Raiders,Giants,Bills,Dolphins,Jets,Ravens,Bengals,Saints,Buccaneers,Titans
Ravens,Bengals,Browns,Steelers,Bears,Lions,Patriots,Jets,Texans,Rams,Bengals,Browns,Steelers,Bills,Packers,Dolphins,Vikings,Chiefs
Steelers,Ravens,Bengals,Browns,Bills,Packers,Vikings,Dolphins,Colts,Seahawks,Ravens,Bengals,Browns,Bears,Lions,Patriots,Jets,Chargers
Bengals,Ravens,Browns,Steelers,Bears,Lions,Patriots,Jets,Jaguars,Cardinals,Ravens,Browns,Steelers,Bills,Packers,Dolphins,Vikings,Broncos
Browns,Ravens,Bengals,Steelers,Bills,Packers,Dolphins,Vikings,Titans,49ers,Ravens,Bengals,Steelers,Bears,Lions,Patriots,Jets,Raiders
Texans,Colts,Jaguars,Titans,Cardinals,Broncos,Raiders,49ers,Bills,Buccaneers,Colts,Jaguars,Titans,Chiefs,Chargers,Rams,Seahawks,Ravens
Colts,Texans,Jaguars,Titans,Cardinals,Broncos,Raiders,49ers,Dolphins,Falcons,Texans,Jaguars,Titans,Chiefs,Chargers,Rams,Seahawks,Steelers
Jaguars,Texans,Colts,Titans,Chiefs,Chargers,Rams,Seahawks,Jets,Panthers,Texans,Colts,Titans,Cardinals,Broncos,Raiders,49ers,Bengals
Titans,Texans,Colts,Jaguars,Chiefs,Chargers,Rams,Seahawks,Patriots,Saints,Texans,Colts,Jaguars,Cardinals,Broncos,Raiders,49ers,Browns
Chiefs,Broncos,Raiders,Chargers,Texans,Colts,Eagles,Commanders,Ravens,Lions,Broncos,Raiders,Chargers,Cowboys,Jaguars,Giants,Titans,Bills
Chargers,Broncos,Chiefs,Raiders,Texans,Colts,Eagles,Commanders,Steelers,Vikings,Broncos,Chiefs,Raiders,Cowboys,Jaguars,Giants,Titans,Dolphins
Broncos,Chiefs,Raiders,Chargers,Cowboys,Jaguars,Giants,Titans,Bengals,Packers,Chiefs,Raiders,Chargers,Texans,Colts,Eagles,Commanders,Jets
Raiders,Broncos,Chiefs,Chargers,Cowboys,Jaguars,Giants,Titans,Browns,Bears,Broncos,Chiefs,Chargers,Texans,Colts,Eagles,Commanders,Patriots
Eagles,Cowboys,Giants,Commanders,Bears,Broncos,Lions,Raiders,Rams,Cowboys,Giants,Commanders,Packers,Chiefs,Chargers,Vikings,Bills,Buccaneers
Commanders,Cowboys,Giants,Eagles,Bears,Broncos,Lions,Raiders,Seahawks,Cowboys,Giants,Eagles,Packers,Chiefs,Chargers,Vikings,Dolphins,Falcons
Cowboys,Giants,Eagles,Commanders,Packers,Chiefs,Chargers,Vikings,Cardinals,Giants,Eagles,Commanders,Bears,Broncos,Lions,Raiders,Jets,Panthers
Giants,Cowboys,Eagles,Commanders,Packers,Chiefs,Chargers,Vikings,49ers,Cowboys,Eagles,Commanders,Bears,Broncos,Lions,Raiders,Patriots,Saints
Lions,Bears,Packers,Vikings,Browns,Cowboys,Giants,Steelers,Buccaneers,Bears,Packers,Vikings,Ravens,Bengals,Eagles,Commanders,Chiefs,Rams
Vikings,Bears,Lions,Packers,Ravens,Bengals,Eagles,Commanders,Falcons,Bears,Lions,Packers,Browns,Cowboys,Giants,Steelers,Chargers,Seahawks
Packers,Bears,Lions,Vikings,Ravens,Bengals,Eagles,Commanders,Panthers,Bears,Lions,Vikings,Browns,Cowboys,Giants,Steelers,Broncos,Cardinals
Bears,Lions,Packers,Vikings,Browns,Cowboys,Giants,Steelers,Saints,Lions,Packers,Vikings,Ravens,Bengals,Eagles,Commanders,Raiders,49ers
Buccaneers,Falcons,Panthers,Saints,Cardinals,Patriots,Jets,49ers,Eagles,Falcons,Panthers,Saints,Bills,Rams,Dolphins,Seahawks,Texans,Lions
Falcons,Panthers,Saints,Buccaneers,Bills,Rams,Dolphins,Seahawks,Commanders,Panthers,Saints,Buccaneers,Cardinals,Patriots,Jets,49ers,Colts,Vikings
Panthers,Falcons,Saints,Buccaneers,Bills,Rams,Dolphins,Seahawks,Cowboys,Falcons,Saints,Buccaneers,Cardinals,Patriots,Jets,49ers,Jaguars,Packers
Saints,Falcons,Panthers,Buccaneers,Cardinals,Patriots,Jets,49ers,Giants,Falcons,Panthers,Buccaneers,Bills,Dolphins,Rams,Seahawks,Titans,Bears
Rams,Cardinals,49ers,Seahawks,Texans,Colts,Saints,Buccaneers,Lions,Cardinals,49ers,Seahawks,Falcons,Panthers,Jaguars,Titans,Ravens,Eagles
Seahawks,Cardinals,Rams,49ers,Texans,Colts,Saints,Buccaneers,Vikings,Cardinals,Rams,49ers,Falcons,Panthers,Jaguars,Titans,Steelers,Commanders
Cardinals,Rams,49ers,Seahawks,Falcons,Panthers,Jaguars,Titans,Packers,Rams,49ers,Seahawks,Texans,Colts,Saints,Buccaneers,Bengals,Cowboys
49ers,Cardinals,Rams,Seahawks,Falcons,Panthers,Jaguars,Titans,Bears,Cardinals,Rams,Seahawks,Texans,Colts,Saints,Buccaneers,Browns,Giants